Models,Regions,SSPs,ds,SCC,category
FUND,USA,SSP1,ds_2.5,2.56214749994064,Original IAMs
FUND,USA,SSP1,ds_3,1.77645823988762,Original IAMs
FUND,USA,SSP1,ds_5,0.580877334635718,Original IAMs
FUND,USA,SSP2,ds_2.5,3.00851722770598,Original IAMs
FUND,USA,SSP2,ds_3,2.0945026341848,Original IAMs
FUND,USA,SSP2,ds_5,0.691564680704961,Original IAMs
FUND,USA,SSP3,ds_2.5,1.94419299138802,Original IAMs
FUND,USA,SSP3,ds_3,1.42951090408385,Original IAMs
FUND,USA,SSP3,ds_5,0.552237663643606,Original IAMs
FUND,USA,SSP4,ds_2.5,2.96781164147668,Original IAMs
FUND,USA,SSP4,ds_3,2.0836402552152,Original IAMs
FUND,USA,SSP4,ds_5,0.706316022290689,Original IAMs
FUND,USA,SSP5,ds_2.5,8.3189625121169,Original IAMs
FUND,USA,SSP5,ds_3,5.44852245210744,Original IAMs
FUND,USA,SSP5,ds_5,1.45648447508982,Original IAMs
FUND,Europe*,SSP1,ds_2.5,3.75597792656562,Original IAMs
FUND,Europe*,SSP1,ds_3,2.42138157642395,Original IAMs
FUND,Europe*,SSP1,ds_5,0.507916873565039,Original IAMs
FUND,Europe*,SSP2,ds_2.5,5.94747932929473,Original IAMs
FUND,Europe*,SSP2,ds_3,3.90042039248216,Original IAMs
FUND,Europe*,SSP2,ds_5,0.951562662165536,Original IAMs
FUND,Europe*,SSP3,ds_2.5,3.14402396576446,Original IAMs
FUND,Europe*,SSP3,ds_3,2.1867060258774,Original IAMs
FUND,Europe*,SSP3,ds_5,0.639212999161567,Original IAMs
FUND,Europe*,SSP4,ds_2.5,4.43458590399864,Original IAMs
FUND,Europe*,SSP4,ds_3,2.95531393453582,Original IAMs
FUND,Europe*,SSP4,ds_5,0.743041127997646,Original IAMs
FUND,Europe*,SSP5,ds_2.5,13.8108666738984,Original IAMs
FUND,Europe*,SSP5,ds_3,8.83453999487249,Original IAMs
FUND,Europe*,SSP5,ds_5,2.03074953326843,Original IAMs
FUND,China*,SSP1,ds_2.5,1.76818258544796,Original IAMs
FUND,China*,SSP1,ds_3,0.651575928467518,Original IAMs
FUND,China*,SSP1,ds_5,-0.899179981167209,Original IAMs
FUND,China*,SSP2,ds_2.5,4.91594582098941,Original IAMs
FUND,China*,SSP2,ds_3,2.96673299303961,Original IAMs
FUND,China*,SSP2,ds_5,0.0300465395681237,Original IAMs
FUND,China*,SSP3,ds_2.5,4.56516280864714,Original IAMs
FUND,China*,SSP3,ds_3,2.94401802338306,Original IAMs
FUND,China*,SSP3,ds_5,0.305639257808935,Original IAMs
FUND,China*,SSP4,ds_2.5,3.60476621374233,Original IAMs
FUND,China*,SSP4,ds_3,2.137225291527,Original IAMs
FUND,China*,SSP4,ds_5,-0.13701935715514,Original IAMs
FUND,China*,SSP5,ds_2.5,7.37492166185375,Original IAMs
FUND,China*,SSP5,ds_3,4.79052648924667,Original IAMs
FUND,China*,SSP5,ds_5,0.610020264601171,Original IAMs
FUND,Other regions,SSP1,ds_2.5,19.1432843155129,Original IAMs
FUND,Other regions,SSP1,ds_3,11.4614903894441,Original IAMs
FUND,Other regions,SSP1,ds_5,1.31323155274341,Original IAMs
FUND,Other regions,SSP2,ds_2.5,30.6990744699445,Original IAMs
FUND,Other regions,SSP2,ds_3,18.4125351754162,Original IAMs
FUND,Other regions,SSP2,ds_5,2.69019999077918,Original IAMs
FUND,Other regions,SSP3,ds_2.5,18.8560788814106,Original IAMs
FUND,Other regions,SSP3,ds_3,11.7817340686089,Original IAMs
FUND,Other regions,SSP3,ds_5,1.96393619566792,Original IAMs
FUND,Other regions,SSP4,ds_2.5,19.6130630846891,Original IAMs
FUND,Other regions,SSP4,ds_3,11.90986335198,Original IAMs
FUND,Other regions,SSP4,ds_5,1.65968493544197,Original IAMs
FUND,Other regions,SSP5,ds_2.5,41.189600914977,Original IAMs
FUND,Other regions,SSP5,ds_3,25.6631851770039,Original IAMs
FUND,Other regions,SSP5,ds_5,4.76437912986573,Original IAMs
PAGE,USA,SSP1,ds_2.5,12.7288433535334,Original IAMs
PAGE,USA,SSP1,ds_3,9.19834319874618,Original IAMs
PAGE,USA,SSP1,ds_5,3.36935882650316,Original IAMs
PAGE,USA,SSP2,ds_2.5,10.3755440402736,Original IAMs
PAGE,USA,SSP2,ds_3,7.66597547255018,Original IAMs
PAGE,USA,SSP2,ds_5,2.9338849432665,Original IAMs
PAGE,USA,SSP3,ds_2.5,6.06303123159466,Original IAMs
PAGE,USA,SSP3,ds_3,4.70556214087347,Original IAMs
PAGE,USA,SSP3,ds_5,2.09394101457643,Original IAMs
PAGE,USA,SSP4,ds_2.5,11.4115945717149,Original IAMs
PAGE,USA,SSP4,ds_3,8.41526556251164,Original IAMs
PAGE,USA,SSP4,ds_5,3.2531285183643,Original IAMs
PAGE,USA,SSP5,ds_2.5,30.1402456339518,Original IAMs
PAGE,USA,SSP5,ds_3,21.162851480817,Original IAMs
PAGE,USA,SSP5,ds_5,6.86529335194758,Original IAMs
PAGE,Europe*,SSP1,ds_2.5,14.9854144297681,Original IAMs
PAGE,Europe*,SSP1,ds_3,10.7053329866639,Original IAMs
PAGE,Europe*,SSP1,ds_5,3.78094239207839,Original IAMs
PAGE,Europe*,SSP2,ds_2.5,14.0066875698185,Original IAMs
PAGE,Europe*,SSP2,ds_3,10.0907965724522,Original IAMs
PAGE,Europe*,SSP2,ds_5,3.57421112491995,Original IAMs
PAGE,Europe*,SSP3,ds_2.5,6.61635499829758,Original IAMs
PAGE,Europe*,SSP3,ds_3,5.05863852570078,Original IAMs
PAGE,Europe*,SSP3,ds_5,2.16715992106735,Original IAMs
PAGE,Europe*,SSP4,ds_2.5,12.6085169960632,Original IAMs
PAGE,Europe*,SSP4,ds_3,9.2231053541473,Original IAMs
PAGE,Europe*,SSP4,ds_5,3.47397714114298,Original IAMs
PAGE,Europe*,SSP5,ds_2.5,34.8626930954726,Original IAMs
PAGE,Europe*,SSP5,ds_3,24.363382410433,Original IAMs
PAGE,Europe*,SSP5,ds_5,7.76426086326871,Original IAMs
PAGE,China*,SSP1,ds_2.5,5.32670719016282,Original IAMs
PAGE,China*,SSP1,ds_3,3.89751383182864,Original IAMs
PAGE,China*,SSP1,ds_5,1.38900567320998,Original IAMs
PAGE,China*,SSP2,ds_2.5,5.36618193946619,Original IAMs
PAGE,China*,SSP2,ds_3,3.85748590004476,Original IAMs
PAGE,China*,SSP2,ds_5,1.28206176044451,Original IAMs
PAGE,China*,SSP3,ds_2.5,3.29591666867613,Original IAMs
PAGE,China*,SSP3,ds_3,2.38721244080601,Original IAMs
PAGE,China*,SSP3,ds_5,0.818537240570233,Original IAMs
PAGE,China*,SSP4,ds_2.5,4.11202505765902,Original IAMs
PAGE,China*,SSP4,ds_3,3.01992868722804,Original IAMs
PAGE,China*,SSP4,ds_5,1.08535419429005,Original IAMs
PAGE,China*,SSP5,ds_2.5,10.3198801332811,Original IAMs
PAGE,China*,SSP5,ds_3,7.64930341366935,Original IAMs
PAGE,China*,SSP5,ds_5,2.76910899600472,Original IAMs
PAGE,Other regions,SSP1,ds_2.5,44.0225517323504,Original IAMs
PAGE,Other regions,SSP1,ds_3,30.5234730530051,Original IAMs
PAGE,Other regions,SSP1,ds_5,9.71054931197162,Original IAMs
PAGE,Other regions,SSP2,ds_2.5,45.2220075874857,Original IAMs
PAGE,Other regions,SSP2,ds_3,30.7820113270465,Original IAMs
PAGE,Other regions,SSP2,ds_5,9.17554018557076,Original IAMs
PAGE,Other regions,SSP3,ds_2.5,24.3332826861998,Original IAMs
PAGE,Other regions,SSP3,ds_3,17.3402892854681,Original IAMs
PAGE,Other regions,SSP3,ds_5,6.0077794173265,Original IAMs
PAGE,Other regions,SSP4,ds_2.5,28.6150111635485,Original IAMs
PAGE,Other regions,SSP4,ds_3,20.4823273683189,Original IAMs
PAGE,Other regions,SSP4,ds_5,7.21484960789857,Original IAMs
PAGE,Other regions,SSP5,ds_2.5,78.5671627772016,Original IAMs
PAGE,Other regions,SSP5,ds_3,54.8001122158833,Original IAMs
PAGE,Other regions,SSP5,ds_5,17.2250657325197,Original IAMs
FUND,USA,SSP1,ds_2.5,3.21326435058218,IAMs-Hector
FUND,USA,SSP1,ds_3,2.44268178712301,IAMs-Hector
FUND,USA,SSP1,ds_5,1.14972266480833,IAMs-Hector
FUND,USA,SSP2,ds_2.5,4.05977823843071,IAMs-Hector
FUND,USA,SSP2,ds_3,3.03647293882078,IAMs-Hector
FUND,USA,SSP2,ds_5,1.34062511891795,IAMs-Hector
FUND,USA,SSP3,ds_2.5,3.12469219905473,IAMs-Hector
FUND,USA,SSP3,ds_3,2.45075328289657,IAMs-Hector
FUND,USA,SSP3,ds_5,1.2065119237707,IAMs-Hector
FUND,USA,SSP4,ds_2.5,4.00624886981456,IAMs-Hector
FUND,USA,SSP4,ds_3,3.02263343599237,IAMs-Hector
FUND,USA,SSP4,ds_5,1.35879924165655,IAMs-Hector
FUND,USA,SSP5,ds_2.5,10.9741411901854,IAMs-Hector
FUND,USA,SSP5,ds_3,7.54130715669125,IAMs-Hector
FUND,USA,SSP5,ds_5,2.53316198098892,IAMs-Hector
FUND,Europe*,SSP1,ds_2.5,4.63032730760273,IAMs-Hector
FUND,Europe*,SSP1,ds_3,3.38494351633587,IAMs-Hector
FUND,Europe*,SSP1,ds_5,1.37292539323645,IAMs-Hector
FUND,Europe*,SSP2,ds_2.5,7.6743672587897,IAMs-Hector
FUND,Europe*,SSP2,ds_3,5.47114567349858,IAMs-Hector
FUND,Europe*,SSP2,ds_5,2.03105375964056,IAMs-Hector
FUND,Europe*,SSP3,ds_2.5,5.14400993328275,IAMs-Hector
FUND,Europe*,SSP3,ds_3,3.932613008081,IAMs-Hector
FUND,Europe*,SSP3,ds_5,1.76587399154401,IAMs-Hector
FUND,Europe*,SSP4,ds_2.5,6.42232446544722,IAMs-Hector
FUND,Europe*,SSP4,ds_3,4.7298500084264,IAMs-Hector
FUND,Europe*,SSP4,ds_5,1.9244747981005,IAMs-Hector
FUND,Europe*,SSP5,ds_2.5,18.419996634585,IAMs-Hector
FUND,Europe*,SSP5,ds_3,12.5138219531492,IAMs-Hector
FUND,Europe*,SSP5,ds_5,3.94555773180566,IAMs-Hector
FUND,China*,SSP1,ds_2.5,3.2583020371396,IAMs-Hector
FUND,China*,SSP1,ds_3,2.2691809829777,IAMs-Hector
FUND,China*,SSP1,ds_5,0.549647287321503,IAMs-Hector
FUND,China*,SSP2,ds_2.5,7.30394166127252,IAMs-Hector
FUND,China*,SSP2,ds_3,5.27459210846604,IAMs-Hector
FUND,China*,SSP2,ds_5,1.76497764950408,IAMs-Hector
FUND,China*,SSP3,ds_2.5,7.784927206462,IAMs-Hector
FUND,China*,SSP3,ds_3,5.90128052372306,IAMs-Hector
FUND,China*,SSP3,ds_5,2.37646006267124,IAMs-Hector
FUND,China*,SSP4,ds_2.5,6.70539092525093,IAMs-Hector
FUND,China*,SSP4,ds_3,5.0346419556085,IAMs-Hector
FUND,China*,SSP4,ds_5,1.9462714844369,IAMs-Hector
FUND,China*,SSP5,ds_2.5,12.0756497510784,IAMs-Hector
FUND,China*,SSP5,ds_3,9.08594822664266,IAMs-Hector
FUND,China*,SSP5,ds_5,3.54869637947038,IAMs-Hector
FUND,Other regions,SSP1,ds_2.5,21.3237179323101,IAMs-Hector
FUND,Other regions,SSP1,ds_3,14.3219126502389,IAMs-Hector
FUND,Other regions,SSP1,ds_5,4.13100780350039,IAMs-Hector
FUND,Other regions,SSP2,ds_2.5,34.9165464311584,IAMs-Hector
FUND,Other regions,SSP2,ds_3,22.5455094359884,IAMs-Hector
FUND,Other regions,SSP2,ds_5,5.73534329955549,IAMs-Hector
FUND,Other regions,SSP3,ds_2.5,25.4424430251538,IAMs-Hector
FUND,Other regions,SSP3,ds_3,17.5104866304792,IAMs-Hector
FUND,Other regions,SSP3,ds_5,5.55682103950349,IAMs-Hector
FUND,Other regions,SSP4,ds_2.5,24.5415948761225,IAMs-Hector
FUND,Other regions,SSP4,ds_3,16.657078352801,IAMs-Hector
FUND,Other regions,SSP4,ds_5,5.12713714929443,IAMs-Hector
FUND,Other regions,SSP5,ds_2.5,53.6375261054524,IAMs-Hector
FUND,Other regions,SSP5,ds_3,35.8258901974996,IAMs-Hector
FUND,Other regions,SSP5,ds_5,10.2711035716829,IAMs-Hector
PAGE,USA,SSP1,ds_2.5,4.93145454894779,IAMs-Hector
PAGE,USA,SSP1,ds_3,3.36959822520739,IAMs-Hector
PAGE,USA,SSP1,ds_5,0.983970994981983,IAMs-Hector
PAGE,USA,SSP2,ds_2.5,4.92880093812009,IAMs-Hector
PAGE,USA,SSP2,ds_3,3.36908198839527,IAMs-Hector
PAGE,USA,SSP2,ds_5,0.967437627799826,IAMs-Hector
PAGE,USA,SSP3,ds_2.5,3.09695495047245,IAMs-Hector
PAGE,USA,SSP3,ds_3,2.27674588377421,IAMs-Hector
PAGE,USA,SSP3,ds_5,0.820384419785841,IAMs-Hector
PAGE,USA,SSP4,ds_2.5,5.7688886865722,IAMs-Hector
PAGE,USA,SSP4,ds_3,4.02580093627102,IAMs-Hector
PAGE,USA,SSP4,ds_5,1.25626404997471,IAMs-Hector
PAGE,USA,SSP5,ds_2.5,18.3554219428487,IAMs-Hector
PAGE,USA,SSP5,ds_3,12.1106567608635,IAMs-Hector
PAGE,USA,SSP5,ds_5,3.17217436099333,IAMs-Hector
PAGE,Europe*,SSP1,ds_2.5,7.51322745807626,IAMs-Hector
PAGE,Europe*,SSP1,ds_3,5.21217020073138,IAMs-Hector
PAGE,Europe*,SSP1,ds_5,1.65441752250047,IAMs-Hector
PAGE,Europe*,SSP2,ds_2.5,8.44613387913625,IAMs-Hector
PAGE,Europe*,SSP2,ds_3,5.77103918814676,IAMs-Hector
PAGE,Europe*,SSP2,ds_5,1.72076760132427,IAMs-Hector
PAGE,Europe*,SSP3,ds_2.5,4.32877800823195,IAMs-Hector
PAGE,Europe*,SSP3,ds_3,3.19684313530946,IAMs-Hector
PAGE,Europe*,SSP3,ds_5,1.20748659457685,IAMs-Hector
PAGE,Europe*,SSP4,ds_2.5,7.9862761660985,IAMs-Hector
PAGE,Europe*,SSP4,ds_3,5.64882959169182,IAMs-Hector
PAGE,Europe*,SSP4,ds_5,1.88935872066142,IAMs-Hector
PAGE,Europe*,SSP5,ds_2.5,23.0713777901399,IAMs-Hector
PAGE,Europe*,SSP5,ds_3,15.3405618836516,IAMs-Hector
PAGE,Europe*,SSP5,ds_5,4.20347397783193,IAMs-Hector
PAGE,China*,SSP1,ds_2.5,5.69457449837037,IAMs-Hector
PAGE,China*,SSP1,ds_3,4.36351265711131,IAMs-Hector
PAGE,China*,SSP1,ds_5,1.88256253130967,IAMs-Hector
PAGE,China*,SSP2,ds_2.5,6.27514300752485,IAMs-Hector
PAGE,China*,SSP2,ds_3,4.61123876989257,IAMs-Hector
PAGE,China*,SSP2,ds_5,1.76145520903048,IAMs-Hector
PAGE,China*,SSP3,ds_2.5,4.90390606475869,IAMs-Hector
PAGE,China*,SSP3,ds_3,3.70600145107337,IAMs-Hector
PAGE,China*,SSP3,ds_5,1.53704430107271,IAMs-Hector
PAGE,China*,SSP4,ds_2.5,5.72171540697249,IAMs-Hector
PAGE,China*,SSP4,ds_3,4.3744896180657,IAMs-Hector
PAGE,China*,SSP4,ds_5,1.86974627027963,IAMs-Hector
PAGE,China*,SSP5,ds_2.5,11.3739580234975,IAMs-Hector
PAGE,China*,SSP5,ds_3,8.62045969121067,IAMs-Hector
PAGE,China*,SSP5,ds_5,3.5630538995329,IAMs-Hector
PAGE,Other regions,SSP1,ds_2.5,26.0974324662189,IAMs-Hector
PAGE,Other regions,SSP1,ds_3,17.5984326091674,IAMs-Hector
PAGE,Other regions,SSP1,ds_5,5.1239370400572,IAMs-Hector
PAGE,Other regions,SSP2,ds_2.5,34.6123335194609,IAMs-Hector
PAGE,Other regions,SSP2,ds_3,22.1960175712566,IAMs-Hector
PAGE,Other regions,SSP2,ds_5,5.48898684933678,IAMs-Hector
PAGE,Other regions,SSP3,ds_2.5,19.3412524088425,IAMs-Hector
PAGE,Other regions,SSP3,ds_3,13.262305518307,IAMs-Hector
PAGE,Other regions,SSP3,ds_5,4.08821392190425,IAMs-Hector
PAGE,Other regions,SSP4,ds_2.5,20.3719842808093,IAMs-Hector
PAGE,Other regions,SSP4,ds_3,14.0761017360668,IAMs-Hector
PAGE,Other regions,SSP4,ds_5,4.47338349930142,IAMs-Hector
PAGE,Other regions,SSP5,ds_2.5,60.8823872335483,IAMs-Hector
PAGE,Other regions,SSP5,ds_3,40.5488151100911,IAMs-Hector
PAGE,Other regions,SSP5,ds_5,11.2505747069209,IAMs-Hector
